{"epoch_time_s":52.38748264312744,"epoch":62,"_timestamp":1.7767514281160924e+09,"_wandb":{"runtime":3396},"train/step_loss":0.27066656947135925,"train/nn_acc":0.15145335477941177,"train/lr":0.000346146011309714,"_runtime":3396.174872796,"global_step":0,"_step":4283,"val/loss":0.28664829532305397,"train/loss":0.2763294586363961,"val/nn_acc":0.20453140636285147}