{"_wandb":{"runtime":8375},"_timestamp":1.7767513194764955e+09,"val/acc":0.711057998366275,"_step":19978,"val/loss":9.006885835679912,"train/step_loss":1.1309174299240112,"epoch":72,"_runtime":8375.298996905,"train/acc":0.9301453754578755,"global_step":0,"train/lr":0.019946743176422393,"train/loss":1.0365134493990258,"epoch_time_s":111.56519985198975}