{"val/acc":0.8301293264001103,"train/step_loss":5.297188181430101e-06,"epoch":199,"_runtime":21493.49833969,"train/acc":0.9984260531135531,"epoch_time_s":104.29214215278625,"_step":54599,"train/lr":7.488686543751837e-06,"_wandb":{"runtime":21493},"val/loss":5.766568305128712,"train/loss":0.030107939532590684,"_timestamp":1.776837252759631e+09,"global_step":0}