{"train/loss":0.015468370679411151,"_runtime":22086.074670557,"train/step_loss":2.8763897716999054e-06,"epoch":199,"train/acc":0.9988266941391941,"val/acc":0.8278491355605044,"epoch_time_s":105.46033835411072,"_wandb":{"runtime":22086},"val/loss":4.734349594277851,"_step":54599,"_timestamp":1.7768378887969782e+09,"train/lr":7.488686543751837e-06,"global_step":0}