{"_wandb":{"runtime":7888},"val/nn_acc":0.19211183998145556,"train/lr":0.0009729357122294672,"_runtime":7888.342815419,"train/step_loss":0.2758619487285614,"_step":5965,"global_step":0,"epoch_time_s":452.93487548828125,"train/loss":0.2649148547666365,"epoch":15,"val/loss":0.2732543549255321,"train/nn_acc":0.1231136485042735,"_timestamp":1.7768060781077359e+09}