{"global_step":0,"val/nn_acc":0.3722034692764282,"train/nn_acc":0.5709300321691176,"epoch":64,"val/loss":0.15957084126197374,"_wandb":{"runtime":8141},"train/lr":0.00031508697416534877,"train/loss":0.526266921969021,"epoch_time_s":121.51469731330872,"_timestamp":1.776839265678279e+09,"train/step_loss":0.5215805172920227,"_runtime":8141.721826444,"_step":8939}