{"train/step_loss":NaN,"_timestamp":1.776606608583746e+09,"_wandb":{"runtime":340},"_runtime":340.661740765,"_step":149}